{
  "activeDelegates": 51,
  "maximumVotes": 1,
  "addressLength": 208,
  "blockHeaderLength": 248,
  "confirmationLength": 77,
  "epochTime": "1970-01-01T00:00:00.000Z",
  "fees": {
    "send": 10000000,
    "vote": 100000000,
    "secondsignature": 500000000,
    "delegate": 1000000000,
    "multisignature": 500000000
  },
  "feeStart": 1,
  "feeStartVolume": 1000000000000,
  "fixedPoint": 1000000000,
  "forgingTimeOut": 3060,
  "maxAddressesLength": 26624,
  "maxAmount": 100000000,
  "maxClientConnections": 100,
  "maxConfirmations": 7700,
  "maxPayloadLength": 2097152,
  "maxRequests": 120000,
  "maxSignaturesLength": 50176,
  "maxTxsPerBlock": 50,
  "blocktime": 15,
  "numberLength": 100000000,
  "requestLength": 104,
  "rewards": {
    "type": "proportional",
    "fixedLastReward": 10000000,
		"milestones": [
			"0.000005235866863",
			"0.000004154265873015873",
			"0.000003115699404761905",
			"0.000002077132936507936",
			"0.000001038566468253968"
		],
		"offset": 5760,
		"distance": 5760
  },
  "signatureLength": 196,
  "totalAmount": 2500000000000000,
  "unconfirmedTransactionTimeOut": 10800,
  "reliability": {
    "roundCycle": 10,
    "triggerAtRound": 226
  }
}
